code,mark,note
b11105ed,,
13f22415,,
7a2c7a4c,,
6b274dcd,,
2fe8c8d0,,
08005beb,,
05eaddbe,,
00144b73,,
434ab1d3,,
3e1e868a,,
604146d9,,
0a50e5fe,,
e4201fbc,,
c23914aa,,
c8085d29,,
7936ebf2,,
1a36a052,,
57d2c9e9,,
51283dc4,,
361c6386,,
6033e869,,
f38d7433,,
8ca22bbc,,
be1c9238,,
294fbd7f,,
4a9f83fd,,
d2dece3b,,
75f8b42a,,
13d7f60b,,
f37756bd,,
c3c35c15,,
f67bcd06,,
de5c1ef0,,
aa5523b0,,
82bcf550,,
10dd9b6b,,
26012a9e,,
afafe47e,,
2492a240,,
a5202eb3,,
8da4bc98,,
c8d8ea5a,,
3f4d6d80,,
1a77124b,,
4c300b7b,,
f835892e,,
29c4051b,,
b57904f2,,
ebf3427a,,
3f1b79f7,,
1463b122,,
0e6a9d6b,,
db5ca0b9,,
c00660c7,,
e7d8c175,,
47527df4,,
fa130201,,
f3a645ef,,
8634c4fa,,
bb568e55,,
f9cbd127,,
3b905063,,
62ea9255,,
bb0f53c4,,
ef49fdc5,,
9f6253f2,,
8ead391a,,
bcd00b16,,
5adba8c6,,
d5f171c2,,
536ea67e,,
b7030b14,,
23acdbc5,,
6e2f74af,,
1562f977,,
64d54a7b,,
a5bb7785,,
6f405b60,,
1ddc9c55,,
df53ee96,,
f2f17f9f,,
0cf8dc26,,
de30441e,,
218f0602,,
bc112e69,,
65cf28b9,,
d0cbf5a8,,
8853640d,,
6025cef5,,
ab0e419b,,
9be0a4c1,,
c349d1f2,,
fd97bbfc,,
fb234b8c,,
55111b70,,
7a19d12e,,
639a0672,,
2b7bd9b3,,
ddf48d8f,,
62dd9200,,
eda4e745,,
eb5aa5e3,,
c0c85417,,
5e460bb1,,
90fa01e0,,
8ae1a335,,
2b4c0fac,,
d24f3bbf,,
47aa94dd,,
5c36be24,,
88ccc809,,
68471820,,
4115d7e1,,
6c85840c,,
5ffb21ec,,
cd47d398,,
967f29dd,,
62f3248d,,
5d8d2d55,,
d776c1ad,,
