position,layer,mean_val_auroc,n_val_pairs,val_s409,val_s410,val_s411,val_s412
last_prompt_token,0,0.5,4,0.5,0.5,0.5,0.5
last_prompt_token,1,1.0,4,1.0,1.0,1.0,1.0
last_prompt_token,2,0.9907407407407407,4,0.9877,1.0,0.9877,0.9877
last_prompt_token,3,0.9351851851851851,4,0.8889,0.9877,0.9753,0.8889
last_prompt_token,4,0.919753086419753,4,0.9012,0.9259,0.9136,0.9383
last_prompt_token,5,0.9382716049382716,4,0.8889,0.963,0.9506,0.9506
last_prompt_token,6,0.9228395061728395,4,0.8765,0.963,0.9259,0.9259
last_prompt_token,7,0.9351851851851851,4,0.8765,0.9753,0.9506,0.9383
last_prompt_token,8,0.9228395061728395,4,0.8395,0.9753,0.963,0.9136
last_prompt_token,9,0.8919753086419753,4,0.8395,0.9383,0.9136,0.8765
last_prompt_token,10,0.8703703703703705,4,0.8148,0.9259,0.8889,0.8519
last_prompt_token,11,0.8981481481481481,4,0.8395,0.9506,0.9506,0.8519
last_prompt_token,12,0.9135802469135803,4,0.8765,0.9753,0.9877,0.8148
last_prompt_token,13,0.9660493827160495,4,1.0,1.0,1.0,0.8642
last_prompt_token,14,0.9598765432098765,4,0.9753,1.0,1.0,0.8642
last_prompt_token,15,0.9722222222222222,4,1.0,1.0,1.0,0.8889
last_prompt_token,16,0.9629629629629629,4,1.0,1.0,1.0,0.8519
last_prompt_token,17,0.9537037037037037,4,1.0,1.0,1.0,0.8148
last_prompt_token,18,0.8919753086419753,4,0.963,0.963,0.9877,0.6543
last_prompt_token,19,0.9166666666666666,4,0.9753,0.9753,1.0,0.716
last_prompt_token,20,0.9320987654320987,4,0.9877,0.9877,1.0,0.7531
last_prompt_token,21,0.9444444444444444,4,0.9877,1.0,1.0,0.7901
last_prompt_token,22,0.904320987654321,4,0.9259,0.9259,1.0,0.7654
last_prompt_token,23,0.8858024691358025,4,0.9259,0.9136,1.0,0.7037
last_prompt_token,24,0.9012345679012346,4,0.9259,0.9136,0.9877,0.7778
last_prompt_token,25,0.9166666666666666,4,0.9383,0.9136,0.9877,0.8272
last_prompt_token,26,0.9444444444444444,4,0.9753,0.9259,1.0,0.8765
last_prompt_token,27,0.9506172839506173,4,1.0,0.9383,1.0,0.8642
last_prompt_token,28,0.9074074074074074,4,0.9383,0.8642,1.0,0.8272
last_prompt_token,29,0.9012345679012346,4,0.9506,0.8148,0.9753,0.8642
last_prompt_token,30,0.9598765432098766,4,0.963,0.9506,1.0,0.9259
last_prompt_token,31,0.9814814814814814,4,0.9877,0.963,1.0,0.9753
last_prompt_token,32,0.9259259259259259,4,0.9383,0.8642,0.9753,0.9259
last_prompt_token,33,0.947530864197531,4,0.9506,0.9012,1.0,0.9383
last_prompt_token,34,0.941358024691358,4,0.9506,0.9012,0.9877,0.9259
last_prompt_token,35,0.9259259259259258,4,0.9383,0.8889,0.9506,0.9259
last_prompt_token,36,0.9351851851851851,4,0.963,0.8765,0.963,0.9383
last_prompt_token,37,0.9444444444444444,4,0.9753,0.8889,0.9753,0.9383
last_prompt_token,38,0.9506172839506173,4,0.9753,0.9012,0.9753,0.9506
last_prompt_token,39,0.9722222222222222,4,1.0,0.9259,0.9877,0.9753
last_prompt_token,40,0.9845679012345678,4,1.0,0.963,1.0,0.9753
last_prompt_token,41,0.9938271604938271,4,1.0,0.9753,1.0,1.0
last_prompt_token,42,0.9969135802469136,4,1.0,0.9877,1.0,1.0
last_prompt_token,43,1.0,4,1.0,1.0,1.0,1.0
last_prompt_token,44,1.0,4,1.0,1.0,1.0,1.0
last_prompt_token,45,1.0,4,1.0,1.0,1.0,1.0
last_prompt_token,46,1.0,4,1.0,1.0,1.0,1.0
last_prompt_token,47,1.0,4,1.0,1.0,1.0,1.0
last_prompt_token,48,1.0,4,1.0,1.0,1.0,1.0
last_prompt_token,49,1.0,4,1.0,1.0,1.0,1.0
last_prompt_token,50,1.0,4,1.0,1.0,1.0,1.0
last_prompt_token,51,1.0,4,1.0,1.0,1.0,1.0
last_prompt_token,52,1.0,4,1.0,1.0,1.0,1.0
last_prompt_token,53,1.0,4,1.0,1.0,1.0,1.0
last_prompt_token,54,1.0,4,1.0,1.0,1.0,1.0
last_prompt_token,55,1.0,4,1.0,1.0,1.0,1.0
last_prompt_token,56,1.0,4,1.0,1.0,1.0,1.0
last_prompt_token,57,1.0,4,1.0,1.0,1.0,1.0
last_prompt_token,58,1.0,4,1.0,1.0,1.0,1.0
last_prompt_token,59,1.0,4,1.0,1.0,1.0,1.0
last_prompt_token,60,1.0,4,1.0,1.0,1.0,1.0
last_prompt_token,61,1.0,4,1.0,1.0,1.0,1.0
last_prompt_token,62,1.0,4,1.0,1.0,1.0,1.0
last_prompt_token,63,1.0,4,1.0,1.0,1.0,1.0
last_prompt_token,64,1.0,4,1.0,1.0,1.0,1.0
mean_last_k,0,0.5,4,0.5,0.5,0.5,0.5
mean_last_k,1,0.9969135802469136,4,0.9877,1.0,1.0,1.0
mean_last_k,2,0.9444444444444444,4,0.8395,1.0,0.9877,0.9506
mean_last_k,3,0.8950617283950617,4,0.8148,0.9753,0.9506,0.8395
mean_last_k,4,0.9074074074074074,4,0.8272,0.963,0.9136,0.9259
mean_last_k,5,0.9135802469135802,4,0.7778,0.963,0.9506,0.963
mean_last_k,6,0.919753086419753,4,0.8025,0.9753,0.9506,0.9506
mean_last_k,7,0.919753086419753,4,0.7654,0.9877,0.963,0.963
mean_last_k,8,0.9104938271604938,4,0.7654,0.9753,0.9753,0.9259
mean_last_k,9,0.904320987654321,4,0.7654,0.9753,0.963,0.9136
mean_last_k,10,0.8487654320987654,4,0.7778,0.9012,0.8889,0.8272
mean_last_k,11,0.8518518518518519,4,0.8025,0.8889,0.9012,0.8148
mean_last_k,12,0.867283950617284,4,0.8272,0.8765,0.9383,0.8272
mean_last_k,13,0.9290123456790124,4,0.8889,1.0,1.0,0.8272
mean_last_k,14,0.9444444444444444,4,0.9259,1.0,1.0,0.8519
mean_last_k,15,0.9382716049382716,4,0.9259,1.0,1.0,0.8272
mean_last_k,16,0.9598765432098766,4,0.9877,1.0,1.0,0.8519
mean_last_k,17,0.9598765432098765,4,0.9753,1.0,1.0,0.8642
mean_last_k,18,0.9351851851851852,4,0.9383,1.0,1.0,0.8025
mean_last_k,19,0.9753086419753086,4,1.0,1.0,1.0,0.9012
mean_last_k,20,0.9845679012345678,4,1.0,1.0,1.0,0.9383
mean_last_k,21,0.9259259259259259,4,0.8642,0.963,1.0,0.8765
mean_last_k,22,0.9074074074074074,4,0.8148,0.8642,1.0,0.9506
mean_last_k,23,0.9382716049382716,4,0.8642,0.9012,1.0,0.9877
mean_last_k,24,0.941358024691358,4,0.8889,0.8889,1.0,0.9877
mean_last_k,25,0.9598765432098766,4,0.9012,0.9506,1.0,0.9877
mean_last_k,26,0.9722222222222222,4,0.9383,0.963,1.0,0.9877
mean_last_k,27,0.9814814814814814,4,0.9383,0.9877,1.0,1.0
mean_last_k,28,1.0,4,1.0,1.0,1.0,1.0
mean_last_k,29,1.0,4,1.0,1.0,1.0,1.0
mean_last_k,30,1.0,4,1.0,1.0,1.0,1.0
mean_last_k,31,1.0,4,1.0,1.0,1.0,1.0
mean_last_k,32,1.0,4,1.0,1.0,1.0,1.0
mean_last_k,33,1.0,4,1.0,1.0,1.0,1.0
mean_last_k,34,1.0,4,1.0,1.0,1.0,1.0
mean_last_k,35,1.0,4,1.0,1.0,1.0,1.0
mean_last_k,36,1.0,4,1.0,1.0,1.0,1.0
mean_last_k,37,1.0,4,1.0,1.0,1.0,1.0
mean_last_k,38,1.0,4,1.0,1.0,1.0,1.0
mean_last_k,39,1.0,4,1.0,1.0,1.0,1.0
mean_last_k,40,1.0,4,1.0,1.0,1.0,1.0
mean_last_k,41,1.0,4,1.0,1.0,1.0,1.0
mean_last_k,42,1.0,4,1.0,1.0,1.0,1.0
mean_last_k,43,1.0,4,1.0,1.0,1.0,1.0
mean_last_k,44,1.0,4,1.0,1.0,1.0,1.0
mean_last_k,45,1.0,4,1.0,1.0,1.0,1.0
mean_last_k,46,1.0,4,1.0,1.0,1.0,1.0
mean_last_k,47,1.0,4,1.0,1.0,1.0,1.0
mean_last_k,48,1.0,4,1.0,1.0,1.0,1.0
mean_last_k,49,1.0,4,1.0,1.0,1.0,1.0
mean_last_k,50,1.0,4,1.0,1.0,1.0,1.0
mean_last_k,51,1.0,4,1.0,1.0,1.0,1.0
mean_last_k,52,1.0,4,1.0,1.0,1.0,1.0
mean_last_k,53,1.0,4,1.0,1.0,1.0,1.0
mean_last_k,54,1.0,4,1.0,1.0,1.0,1.0
mean_last_k,55,1.0,4,1.0,1.0,1.0,1.0
mean_last_k,56,1.0,4,1.0,1.0,1.0,1.0
mean_last_k,57,1.0,4,1.0,1.0,1.0,1.0
mean_last_k,58,1.0,4,1.0,1.0,1.0,1.0
mean_last_k,59,1.0,4,1.0,1.0,1.0,1.0
mean_last_k,60,1.0,4,1.0,1.0,1.0,1.0
mean_last_k,61,1.0,4,1.0,1.0,1.0,1.0
mean_last_k,62,1.0,4,1.0,1.0,1.0,1.0
mean_last_k,63,1.0,4,1.0,1.0,1.0,1.0
mean_last_k,64,1.0,4,1.0,1.0,1.0,1.0
