position,layer,primary_sleeper_vs_c8,base_lexical_dirfree,within_sleeper,clean_gate
last_prompt_token,0,0.5,0.5,0.5,True
last_prompt_token,1,1.0,0.5802,0.5996,True
last_prompt_token,2,0.9453,0.716,0.291,False
last_prompt_token,3,0.9577,0.9877,0.0053,False
last_prompt_token,4,0.9065,0.9136,0.1041,False
last_prompt_token,5,0.9489,0.679,0.3263,False
last_prompt_token,6,0.9365,0.5926,0.4127,True
last_prompt_token,7,0.9824,0.8272,0.8624,False
last_prompt_token,8,0.9718,1.0,1.0,False
last_prompt_token,9,0.9206,1.0,1.0,False
last_prompt_token,10,0.9083,1.0,1.0,False
last_prompt_token,11,0.8783,1.0,1.0,False
last_prompt_token,12,0.9136,0.9877,1.0,False
last_prompt_token,13,0.9929,1.0,1.0,False
last_prompt_token,14,0.9824,1.0,1.0,False
last_prompt_token,15,0.9965,1.0,1.0,False
last_prompt_token,16,0.9788,0.9877,0.9877,False
last_prompt_token,17,0.9894,0.963,0.9806,False
last_prompt_token,18,0.97,0.963,0.9841,False
last_prompt_token,19,0.9594,0.9259,0.9489,False
last_prompt_token,20,0.9665,0.8889,0.9347,False
last_prompt_token,21,0.9788,0.9259,0.963,False
last_prompt_token,22,0.9541,0.8519,0.8413,False
last_prompt_token,23,0.9753,0.8889,0.8818,False
last_prompt_token,24,0.97,0.9383,0.9365,False
last_prompt_token,25,0.963,0.9383,0.9242,False
last_prompt_token,26,0.9647,0.963,0.9594,False
last_prompt_token,27,0.9947,0.9753,0.9841,False
last_prompt_token,28,0.9947,1.0,0.9947,False
last_prompt_token,29,0.9912,0.9753,0.9965,False
last_prompt_token,30,0.9859,0.9383,0.9436,False
last_prompt_token,31,0.9753,0.9012,0.8801,False
last_prompt_token,32,0.9965,1.0,1.0,False
last_prompt_token,33,1.0,1.0,1.0,False
last_prompt_token,34,1.0,1.0,1.0,False
last_prompt_token,35,1.0,1.0,1.0,False
last_prompt_token,36,1.0,1.0,1.0,False
last_prompt_token,37,1.0,1.0,1.0,False
last_prompt_token,38,1.0,1.0,1.0,False
last_prompt_token,39,1.0,1.0,1.0,False
last_prompt_token,40,1.0,1.0,0.9912,False
last_prompt_token,41,1.0,0.9877,0.9894,False
last_prompt_token,42,1.0,1.0,0.9982,False
last_prompt_token,43,1.0,1.0,0.9965,False
last_prompt_token,44,1.0,1.0,1.0,False
last_prompt_token,45,1.0,1.0,1.0,False
last_prompt_token,46,1.0,1.0,1.0,False
last_prompt_token,47,1.0,1.0,1.0,False
last_prompt_token,48,1.0,1.0,1.0,False
last_prompt_token,49,1.0,1.0,1.0,False
last_prompt_token,50,1.0,0.9383,1.0,False
last_prompt_token,51,1.0,0.8889,1.0,False
last_prompt_token,52,1.0,0.9259,1.0,False
last_prompt_token,53,1.0,0.9259,1.0,False
last_prompt_token,54,1.0,0.9259,1.0,False
last_prompt_token,55,1.0,0.9259,1.0,False
last_prompt_token,56,1.0,0.9383,1.0,False
last_prompt_token,57,1.0,0.9259,1.0,False
last_prompt_token,58,1.0,0.9383,1.0,False
last_prompt_token,59,1.0,0.9383,1.0,False
last_prompt_token,60,1.0,0.9383,1.0,False
last_prompt_token,61,1.0,0.9383,1.0,False
last_prompt_token,62,1.0,0.9383,1.0,False
last_prompt_token,63,1.0,0.9753,1.0,False
last_prompt_token,64,1.0,0.9753,1.0,False
mean_last_k,0,0.5,0.5,0.5,True
mean_last_k,1,0.9683,0.7778,0.739,False
mean_last_k,2,0.8924,0.6543,0.358,False
mean_last_k,3,0.903,0.9753,0.0353,False
mean_last_k,4,0.9541,0.9877,0.0123,False
mean_last_k,5,0.9806,0.5432,0.6543,True
mean_last_k,6,0.9912,0.6914,0.7513,False
mean_last_k,7,1.0,1.0,1.0,False
mean_last_k,8,0.9365,1.0,1.0,False
mean_last_k,9,0.9136,1.0,1.0,False
mean_last_k,10,0.8959,1.0,1.0,False
mean_last_k,11,0.9118,1.0,1.0,False
mean_last_k,12,0.9065,0.963,0.9753,False
mean_last_k,13,0.9735,1.0,1.0,False
mean_last_k,14,0.9912,1.0,1.0,False
mean_last_k,15,0.9912,1.0,1.0,False
mean_last_k,16,0.9912,0.9877,0.9912,False
mean_last_k,17,0.9929,1.0,1.0,False
mean_last_k,18,0.9841,0.963,0.9841,False
mean_last_k,19,0.9912,0.9383,0.9735,False
mean_last_k,20,0.9929,0.7901,0.8519,False
mean_last_k,21,0.9965,0.8148,0.8607,False
mean_last_k,22,0.9965,0.6667,0.6402,False
mean_last_k,23,0.9947,0.642,0.4109,True
mean_last_k,24,0.9929,0.716,0.3122,False
mean_last_k,25,0.9894,0.6543,0.3862,False
mean_last_k,26,0.9877,0.5679,0.478,True
mean_last_k,27,0.9929,0.6049,0.6861,True
mean_last_k,28,0.9947,0.7901,0.8519,False
mean_last_k,29,0.9947,0.8272,0.8871,False
mean_last_k,30,0.9929,0.8889,0.9312,False
mean_last_k,31,0.9982,0.963,0.9894,False
mean_last_k,32,1.0,1.0,1.0,False
mean_last_k,33,1.0,1.0,1.0,False
mean_last_k,34,1.0,1.0,1.0,False
mean_last_k,35,1.0,1.0,1.0,False
mean_last_k,36,1.0,1.0,1.0,False
mean_last_k,37,1.0,1.0,1.0,False
mean_last_k,38,1.0,1.0,1.0,False
mean_last_k,39,1.0,1.0,1.0,False
mean_last_k,40,1.0,1.0,1.0,False
mean_last_k,41,1.0,1.0,1.0,False
mean_last_k,42,1.0,1.0,1.0,False
mean_last_k,43,1.0,1.0,1.0,False
mean_last_k,44,1.0,1.0,1.0,False
mean_last_k,45,1.0,1.0,1.0,False
mean_last_k,46,1.0,1.0,1.0,False
mean_last_k,47,1.0,1.0,1.0,False
mean_last_k,48,1.0,1.0,1.0,False
mean_last_k,49,1.0,1.0,1.0,False
mean_last_k,50,1.0,1.0,1.0,False
mean_last_k,51,1.0,1.0,1.0,False
mean_last_k,52,1.0,1.0,1.0,False
mean_last_k,53,1.0,1.0,1.0,False
mean_last_k,54,1.0,1.0,1.0,False
mean_last_k,55,1.0,1.0,1.0,False
mean_last_k,56,1.0,1.0,1.0,False
mean_last_k,57,1.0,1.0,1.0,False
mean_last_k,58,1.0,1.0,1.0,False
mean_last_k,59,1.0,1.0,1.0,False
mean_last_k,60,1.0,1.0,1.0,False
mean_last_k,61,1.0,1.0,1.0,False
mean_last_k,62,1.0,1.0,1.0,False
mean_last_k,63,1.0,1.0,1.0,False
mean_last_k,64,1.0,1.0,1.0,False
